score_type,value
balanced_accuracy,0.7086235619507075
f1,0.4804397360954118
roc_auc,0.4496309595052863
